{
  "length": 3200,
  "layout": [
    [
      575.5,
      201.5,
      "bl"
    ],
    [
      504,
      201,
      "bl"
    ],
    [
      359,
      200.5,
      "bl"
    ],
    [
      431.5,
      197.5,
      "bl"
    ],
    [
      730.7999999999925,
      199.5,
      "r"
    ],
    [
      808.7999999999925,
      201.5,
      "r"
    ],
    [
      881.7999999999925,
      203,
      "r"
    ],
    [
      1012.5,
      199,
      "g"
    ],
    [
      1172.5,
      198.5,
      "g"
    ],
    [
      1090,
      197.5,
      "g"
    ],
    [
      1546.9000000000199,
      197.5,
      "y"
    ],
    [
      1636.4000000000199,
      197,
      "y"
    ],
    [
      1715.9000000000199,
      196,
      "y"
    ],
    [
      1831,
      197,
      "bl"
    ],
    [
      1302.1999999999946,
      198.5,
      "b"
    ],
    [
      1402.1999999999946,
      200,
      "b"
    ],
    [
      2217,
      117,
      "bl"
    ],
    [
      2650,
      127.5,
      "lb"
    ],
    [
      2765.5,
      57,
      "w"
    ],
    [
      2551,
      198,
      "p"
    ],
    [
      1884.5,
      116,
      "bl"
    ],
    [
      1947,
      37,
      "bl"
    ],
    [
      2064.5,
      34.5,
      "bl"
    ],
    [
      2164,
      32,
      "bl"
    ],
    [
      2269.5,
      199,
      "bl"
    ],
    [
      2375.500000000017,
      199,
      "bl"
    ]
  ]
}