{
  "length": 3200,
  "layout": [
    [
      575.5,
      201.5,
      "bl"
    ],
    [
      504,
      201,
      "bl"
    ],
    [
      359,
      200.5,
      "bl"
    ],
    [
      431.5,
      197.5,
      "bl"
    ],
    [
      779,
      199,
      "r"
    ],
    [
      846,
      199.5,
      "r"
    ],
    [
      1280.5,
      33,
      "bl"
    ],
    [
      1353.5000000000155,
      30.5,
      "bl"
    ],
    [
      1426.0000000000155,
      29,
      "r"
    ],
    [
      1504.0000000000155,
      29.5,
      "r"
    ],
    [
      1550,
      78,
      "r"
    ],
    [
      1582.5,
      131.5,
      "r"
    ],
    [
      1614.5,
      184.5,
      "r"
    ],
    [
      1693,
      199,
      "bl"
    ],
    [
      1771.5,
      200.5,
      "bl"
    ],
    [
      913,
      200,
      "r"
    ],
    [
      1224,
      43.5,
      "bl"
    ],
    [
      1177.5,
      97.5,
      "bl"
    ],
    [
      1084.5,
      199.5,
      "bl"
    ],
    [
      1134,
      145.5,
      "bl"
    ],
    [
      1890.8000000000554,
      204,
      "g"
    ],
    [
      1945.3000000000554,
      202,
      "g"
    ],
    [
      2005.3000000000554,
      202.5,
      "g"
    ],
    [
      2185,
      198,
      "y"
    ],
    [
      2246,
      196.5,
      "y"
    ],
    [
      2312,
      197.5,
      "y"
    ]
  ]
}